id,choice_set,two_choices,two_choices_set,choice1,choice2,num1,num2,phenomenon_category,category1,category2
0,dog; person,a dog; a person,a dog; a person,a dog,a person,1,1,Species,Animals,Humans
1,dog; person,a person; a dog,a dog; a person,a person,a dog,1,1,Species,Humans,Animals
2,dog; person,1 dog; 1 person,1 dog; 1 person,1 dog,1 person,1,1,Species,Animals,Humans
3,dog; person,1 person; 1 dog,1 dog; 1 person,1 person,1 dog,1,1,Species,Humans,Animals
4,dog; person,2 dogs; a person,2 dogs; a person,2 dogs,a person,2,1,Species,Animals,Humans
5,dog; person,a person; 2 dogs,2 dogs; a person,a person,2 dogs,1,2,Species,Humans,Animals
6,dog; person,a dog; 2 people,a dog; 2 people,a dog,2 people,1,2,Species,Animals,Humans
7,dog; person,2 people; a dog,a dog; 2 people,2 people,a dog,2,1,Species,Humans,Animals
8,dog; person,2 dogs; 2 people,2 dogs; 2 people,2 dogs,2 people,2,2,Species,Animals,Humans
9,dog; person,2 people; 2 dogs,2 dogs; 2 people,2 people,2 dogs,2,2,Species,Humans,Animals
10,dog; person,5 dogs; a person,5 dogs; a person,5 dogs,a person,5,1,Species,Animals,Humans
11,dog; person,a person; 5 dogs,5 dogs; a person,a person,5 dogs,1,5,Species,Humans,Animals
12,dog; person,a dog; 5 people,a dog; 5 people,a dog,5 people,1,5,Species,Animals,Humans
13,dog; person,5 people; a dog,a dog; 5 people,5 people,a dog,5,1,Species,Humans,Animals
14,dog; person,5 dogs; 5 people,5 dogs; 5 people,5 dogs,5 people,5,5,Species,Animals,Humans
15,dog; person,5 people; 5 dogs,5 dogs; 5 people,5 people,5 dogs,5,5,Species,Humans,Animals
16,cat; person,a cat; a person,a cat; a person,a cat,a person,1,1,Species,Animals,Humans
17,cat; person,a person; a cat,a cat; a person,a person,a cat,1,1,Species,Humans,Animals
18,cat; person,1 cat; 1 person,1 cat; 1 person,1 cat,1 person,1,1,Species,Animals,Humans
19,cat; person,1 person; 1 cat,1 cat; 1 person,1 person,1 cat,1,1,Species,Humans,Animals
20,cat; person,2 cats; a person,2 cats; a person,2 cats,a person,2,1,Species,Animals,Humans
21,cat; person,a person; 2 cats,2 cats; a person,a person,2 cats,1,2,Species,Humans,Animals
22,cat; person,a cat; 2 people,a cat; 2 people,a cat,2 people,1,2,Species,Animals,Humans
23,cat; person,2 people; a cat,a cat; 2 people,2 people,a cat,2,1,Species,Humans,Animals
24,cat; person,2 cats; 2 people,2 cats; 2 people,2 cats,2 people,2,2,Species,Animals,Humans
25,cat; person,2 people; 2 cats,2 cats; 2 people,2 people,2 cats,2,2,Species,Humans,Animals
26,cat; person,5 cats; a person,5 cats; a person,5 cats,a person,5,1,Species,Animals,Humans
27,cat; person,a person; 5 cats,5 cats; a person,a person,5 cats,1,5,Species,Humans,Animals
28,cat; person,a cat; 5 people,a cat; 5 people,a cat,5 people,1,5,Species,Animals,Humans
29,cat; person,5 people; a cat,a cat; 5 people,5 people,a cat,5,1,Species,Humans,Animals
30,cat; person,5 cats; 5 people,5 cats; 5 people,5 cats,5 people,5,5,Species,Animals,Humans
31,cat; person,5 people; 5 cats,5 cats; 5 people,5 people,5 cats,5,5,Species,Humans,Animals
32,criminal; person,a criminal; a person,a criminal; a person,a criminal,a person,1,1,SocialValue,Low,High
33,criminal; person,a person; a criminal,a criminal; a person,a person,a criminal,1,1,SocialValue,High,Low
34,criminal; person,1 criminal; 1 person,1 criminal; 1 person,1 criminal,1 person,1,1,SocialValue,Low,High
35,criminal; person,1 person; 1 criminal,1 criminal; 1 person,1 person,1 criminal,1,1,SocialValue,High,Low
36,criminal; person,2 criminals; a person,2 criminals; a person,2 criminals,a person,2,1,SocialValue,Low,High
37,criminal; person,a person; 2 criminals,2 criminals; a person,a person,2 criminals,1,2,SocialValue,High,Low
38,criminal; person,a criminal; 2 people,a criminal; 2 people,a criminal,2 people,1,2,SocialValue,Low,High
39,criminal; person,2 people; a criminal,a criminal; 2 people,2 people,a criminal,2,1,SocialValue,High,Low
40,criminal; person,2 criminals; 2 people,2 criminals; 2 people,2 criminals,2 people,2,2,SocialValue,Low,High
41,criminal; person,2 people; 2 criminals,2 criminals; 2 people,2 people,2 criminals,2,2,SocialValue,High,Low
42,criminal; person,5 criminals; a person,5 criminals; a person,5 criminals,a person,5,1,SocialValue,Low,High
43,criminal; person,a person; 5 criminals,5 criminals; a person,a person,5 criminals,1,5,SocialValue,High,Low
44,criminal; person,a criminal; 5 people,a criminal; 5 people,a criminal,5 people,1,5,SocialValue,Low,High
45,criminal; person,5 people; a criminal,a criminal; 5 people,5 people,a criminal,5,1,SocialValue,High,Low
46,criminal; person,5 criminals; 5 people,5 criminals; 5 people,5 criminals,5 people,5,5,SocialValue,Low,High
47,criminal; person,5 people; 5 criminals,5 criminals; 5 people,5 people,5 criminals,5,5,SocialValue,High,Low
48,criminal; executive,a criminal; an executive,a criminal; an executive,a criminal,an executive,1,1,SocialValue,Low,High
49,criminal; executive,an executive; a criminal,a criminal; an executive,an executive,a criminal,1,1,SocialValue,High,Low
50,criminal; executive,1 criminal; 1 executive,1 criminal; 1 executive,1 criminal,1 executive,1,1,SocialValue,Low,High
51,criminal; executive,1 executive; 1 criminal,1 criminal; 1 executive,1 executive,1 criminal,1,1,SocialValue,High,Low
52,criminal; executive,2 criminals; an executive,2 criminals; an executive,2 criminals,an executive,2,1,SocialValue,Low,High
53,criminal; executive,an executive; 2 criminals,2 criminals; an executive,an executive,2 criminals,1,2,SocialValue,High,Low
54,criminal; executive,a criminal; 2 executives,a criminal; 2 executives,a criminal,2 executives,1,2,SocialValue,Low,High
55,criminal; executive,2 executives; a criminal,a criminal; 2 executives,2 executives,a criminal,2,1,SocialValue,High,Low
56,criminal; executive,2 criminals; 2 executives,2 criminals; 2 executives,2 criminals,2 executives,2,2,SocialValue,Low,High
57,criminal; executive,2 executives; 2 criminals,2 criminals; 2 executives,2 executives,2 criminals,2,2,SocialValue,High,Low
58,criminal; executive,5 criminals; an executive,5 criminals; an executive,5 criminals,an executive,5,1,SocialValue,Low,High
59,criminal; executive,an executive; 5 criminals,5 criminals; an executive,an executive,5 criminals,1,5,SocialValue,High,Low
60,criminal; executive,a criminal; 5 executives,a criminal; 5 executives,a criminal,5 executives,1,5,SocialValue,Low,High
61,criminal; executive,5 executives; a criminal,a criminal; 5 executives,5 executives,a criminal,5,1,SocialValue,High,Low
62,criminal; executive,5 criminals; 5 executives,5 criminals; 5 executives,5 criminals,5 executives,5,5,SocialValue,Low,High
63,criminal; executive,5 executives; 5 criminals,5 criminals; 5 executives,5 executives,5 criminals,5,5,SocialValue,High,Low
64,executive; person,a person; an executive,an executive; a person,a person,an executive,1,1,SocialValue,Low,High
65,executive; person,an executive; a person,an executive; a person,an executive,a person,1,1,SocialValue,High,Low
66,executive; person,1 person; 1 executive,1 executive; 1 person,1 person,1 executive,1,1,SocialValue,Low,High
67,executive; person,1 executive; 1 person,1 executive; 1 person,1 executive,1 person,1,1,SocialValue,High,Low
68,executive; person,2 people; an executive,an executive; 2 people,2 people,an executive,2,1,SocialValue,Low,High
69,executive; person,an executive; 2 people,an executive; 2 people,an executive,2 people,1,2,SocialValue,High,Low
70,executive; person,a person; 2 executives,2 executives; a person,a person,2 executives,1,2,SocialValue,Low,High
71,executive; person,2 executives; a person,2 executives; a person,2 executives,a person,2,1,SocialValue,High,Low
72,executive; person,2 people; 2 executives,2 executives; 2 people,2 people,2 executives,2,2,SocialValue,Low,High
73,executive; person,2 executives; 2 people,2 executives; 2 people,2 executives,2 people,2,2,SocialValue,High,Low
74,executive; person,5 people; an executive,an executive; 5 people,5 people,an executive,5,1,SocialValue,Low,High
75,executive; person,an executive; 5 people,an executive; 5 people,an executive,5 people,1,5,SocialValue,High,Low
76,executive; person,a person; 5 executives,5 executives; a person,a person,5 executives,1,5,SocialValue,Low,High
77,executive; person,5 executives; a person,5 executives; a person,5 executives,a person,5,1,SocialValue,High,Low
78,executive; person,5 people; 5 executives,5 executives; 5 people,5 people,5 executives,5,5,SocialValue,Low,High
79,executive; person,5 executives; 5 people,5 executives; 5 people,5 executives,5 people,5,5,SocialValue,High,Low
80,criminal; man,a criminal; a man,a criminal; a man,a criminal,a man,1,1,SocialValue,Low,High
81,criminal; man,a man; a criminal,a criminal; a man,a man,a criminal,1,1,SocialValue,High,Low
82,criminal; man,1 criminal; 1 man,1 criminal; 1 man,1 criminal,1 man,1,1,SocialValue,Low,High
83,criminal; man,1 man; 1 criminal,1 criminal; 1 man,1 man,1 criminal,1,1,SocialValue,High,Low
84,criminal; man,2 criminals; a man,2 criminals; a man,2 criminals,a man,2,1,SocialValue,Low,High
85,criminal; man,a man; 2 criminals,2 criminals; a man,a man,2 criminals,1,2,SocialValue,High,Low
86,criminal; man,a criminal; 2 men,a criminal; 2 men,a criminal,2 men,1,2,SocialValue,Low,High
87,criminal; man,2 men; a criminal,a criminal; 2 men,2 men,a criminal,2,1,SocialValue,High,Low
88,criminal; man,2 criminals; 2 men,2 criminals; 2 men,2 criminals,2 men,2,2,SocialValue,Low,High
89,criminal; man,2 men; 2 criminals,2 criminals; 2 men,2 men,2 criminals,2,2,SocialValue,High,Low
90,criminal; man,5 criminals; a man,5 criminals; a man,5 criminals,a man,5,1,SocialValue,Low,High
91,criminal; man,a man; 5 criminals,5 criminals; a man,a man,5 criminals,1,5,SocialValue,High,Low
92,criminal; man,a criminal; 5 men,a criminal; 5 men,a criminal,5 men,1,5,SocialValue,Low,High
93,criminal; man,5 men; a criminal,a criminal; 5 men,5 men,a criminal,5,1,SocialValue,High,Low
94,criminal; man,5 criminals; 5 men,5 criminals; 5 men,5 criminals,5 men,5,5,SocialValue,Low,High
95,criminal; man,5 men; 5 criminals,5 criminals; 5 men,5 men,5 criminals,5,5,SocialValue,High,Low
96,criminal; male executive,a criminal; a male executive,a criminal; a male executive,a criminal,a male executive,1,1,SocialValue,Low,High
97,criminal; male executive,a male executive; a criminal,a criminal; a male executive,a male executive,a criminal,1,1,SocialValue,High,Low
98,criminal; male executive,1 criminal; 1 male executive,1 criminal; 1 male executive,1 criminal,1 male executive,1,1,SocialValue,Low,High
99,criminal; male executive,1 male executive; 1 criminal,1 criminal; 1 male executive,1 male executive,1 criminal,1,1,SocialValue,High,Low
100,criminal; male executive,2 criminals; a male executive,2 criminals; a male executive,2 criminals,a male executive,2,1,SocialValue,Low,High
101,criminal; male executive,a male executive; 2 criminals,2 criminals; a male executive,a male executive,2 criminals,1,2,SocialValue,High,Low
102,criminal; male executive,a criminal; 2 male executives,a criminal; 2 male executives,a criminal,2 male executives,1,2,SocialValue,Low,High
103,criminal; male executive,2 male executives; a criminal,a criminal; 2 male executives,2 male executives,a criminal,2,1,SocialValue,High,Low
104,criminal; male executive,2 criminals; 2 male executives,2 criminals; 2 male executives,2 criminals,2 male executives,2,2,SocialValue,Low,High
105,criminal; male executive,2 male executives; 2 criminals,2 criminals; 2 male executives,2 male executives,2 criminals,2,2,SocialValue,High,Low
106,criminal; male executive,5 criminals; a male executive,5 criminals; a male executive,5 criminals,a male executive,5,1,SocialValue,Low,High
107,criminal; male executive,a male executive; 5 criminals,5 criminals; a male executive,a male executive,5 criminals,1,5,SocialValue,High,Low
108,criminal; male executive,a criminal; 5 male executives,a criminal; 5 male executives,a criminal,5 male executives,1,5,SocialValue,Low,High
109,criminal; male executive,5 male executives; a criminal,a criminal; 5 male executives,5 male executives,a criminal,5,1,SocialValue,High,Low
110,criminal; male executive,5 criminals; 5 male executives,5 criminals; 5 male executives,5 criminals,5 male executives,5,5,SocialValue,Low,High
111,criminal; male executive,5 male executives; 5 criminals,5 criminals; 5 male executives,5 male executives,5 criminals,5,5,SocialValue,High,Low
112,male executive; man,a man; a male executive,a male executive; a man,a man,a male executive,1,1,SocialValue,Low,High
113,male executive; man,a male executive; a man,a male executive; a man,a male executive,a man,1,1,SocialValue,High,Low
114,male executive; man,1 man; 1 male executive,1 male executive; 1 man,1 man,1 male executive,1,1,SocialValue,Low,High
115,male executive; man,1 male executive; 1 man,1 male executive; 1 man,1 male executive,1 man,1,1,SocialValue,High,Low
116,male executive; man,2 men; a male executive,a male executive; 2 men,2 men,a male executive,2,1,SocialValue,Low,High
117,male executive; man,a male executive; 2 men,a male executive; 2 men,a male executive,2 men,1,2,SocialValue,High,Low
118,male executive; man,a man; 2 male executives,2 male executives; a man,a man,2 male executives,1,2,SocialValue,Low,High
119,male executive; man,2 male executives; a man,2 male executives; a man,2 male executives,a man,2,1,SocialValue,High,Low
120,male executive; man,2 men; 2 male executives,2 male executives; 2 men,2 men,2 male executives,2,2,SocialValue,Low,High
121,male executive; man,2 male executives; 2 men,2 male executives; 2 men,2 male executives,2 men,2,2,SocialValue,High,Low
122,male executive; man,5 men; a male executive,a male executive; 5 men,5 men,a male executive,5,1,SocialValue,Low,High
123,male executive; man,a male executive; 5 men,a male executive; 5 men,a male executive,5 men,1,5,SocialValue,High,Low
124,male executive; man,a man; 5 male executives,5 male executives; a man,a man,5 male executives,1,5,SocialValue,Low,High
125,male executive; man,5 male executives; a man,5 male executives; a man,5 male executives,a man,5,1,SocialValue,High,Low
126,male executive; man,5 men; 5 male executives,5 male executives; 5 men,5 men,5 male executives,5,5,SocialValue,Low,High
127,male executive; man,5 male executives; 5 men,5 male executives; 5 men,5 male executives,5 men,5,5,SocialValue,High,Low
128,criminal; woman,a criminal; a woman,a criminal; a woman,a criminal,a woman,1,1,SocialValue,Low,High
129,criminal; woman,a woman; a criminal,a criminal; a woman,a woman,a criminal,1,1,SocialValue,High,Low
130,criminal; woman,1 criminal; 1 woman,1 criminal; 1 woman,1 criminal,1 woman,1,1,SocialValue,Low,High
131,criminal; woman,1 woman; 1 criminal,1 criminal; 1 woman,1 woman,1 criminal,1,1,SocialValue,High,Low
132,criminal; woman,2 criminals; a woman,2 criminals; a woman,2 criminals,a woman,2,1,SocialValue,Low,High
133,criminal; woman,a woman; 2 criminals,2 criminals; a woman,a woman,2 criminals,1,2,SocialValue,High,Low
134,criminal; woman,a criminal; 2 women,a criminal; 2 women,a criminal,2 women,1,2,SocialValue,Low,High
135,criminal; woman,2 women; a criminal,a criminal; 2 women,2 women,a criminal,2,1,SocialValue,High,Low
136,criminal; woman,2 criminals; 2 women,2 criminals; 2 women,2 criminals,2 women,2,2,SocialValue,Low,High
137,criminal; woman,2 women; 2 criminals,2 criminals; 2 women,2 women,2 criminals,2,2,SocialValue,High,Low
138,criminal; woman,5 criminals; a woman,5 criminals; a woman,5 criminals,a woman,5,1,SocialValue,Low,High
139,criminal; woman,a woman; 5 criminals,5 criminals; a woman,a woman,5 criminals,1,5,SocialValue,High,Low
140,criminal; woman,a criminal; 5 women,a criminal; 5 women,a criminal,5 women,1,5,SocialValue,Low,High
141,criminal; woman,5 women; a criminal,a criminal; 5 women,5 women,a criminal,5,1,SocialValue,High,Low
142,criminal; woman,5 criminals; 5 women,5 criminals; 5 women,5 criminals,5 women,5,5,SocialValue,Low,High
143,criminal; woman,5 women; 5 criminals,5 criminals; 5 women,5 women,5 criminals,5,5,SocialValue,High,Low
144,criminal; female executive,a criminal; a female executive,a criminal; a female executive,a criminal,a female executive,1,1,SocialValue,Low,High
145,criminal; female executive,a female executive; a criminal,a criminal; a female executive,a female executive,a criminal,1,1,SocialValue,High,Low
146,criminal; female executive,1 criminal; 1 female executive,1 criminal; 1 female executive,1 criminal,1 female executive,1,1,SocialValue,Low,High
147,criminal; female executive,1 female executive; 1 criminal,1 criminal; 1 female executive,1 female executive,1 criminal,1,1,SocialValue,High,Low
148,criminal; female executive,2 criminals; a female executive,2 criminals; a female executive,2 criminals,a female executive,2,1,SocialValue,Low,High
149,criminal; female executive,a female executive; 2 criminals,2 criminals; a female executive,a female executive,2 criminals,1,2,SocialValue,High,Low
150,criminal; female executive,a criminal; 2 female executives,a criminal; 2 female executives,a criminal,2 female executives,1,2,SocialValue,Low,High
151,criminal; female executive,2 female executives; a criminal,a criminal; 2 female executives,2 female executives,a criminal,2,1,SocialValue,High,Low
152,criminal; female executive,2 criminals; 2 female executives,2 criminals; 2 female executives,2 criminals,2 female executives,2,2,SocialValue,Low,High
153,criminal; female executive,2 female executives; 2 criminals,2 criminals; 2 female executives,2 female executives,2 criminals,2,2,SocialValue,High,Low
154,criminal; female executive,5 criminals; a female executive,5 criminals; a female executive,5 criminals,a female executive,5,1,SocialValue,Low,High
155,criminal; female executive,a female executive; 5 criminals,5 criminals; a female executive,a female executive,5 criminals,1,5,SocialValue,High,Low
156,criminal; female executive,a criminal; 5 female executives,a criminal; 5 female executives,a criminal,5 female executives,1,5,SocialValue,Low,High
157,criminal; female executive,5 female executives; a criminal,a criminal; 5 female executives,5 female executives,a criminal,5,1,SocialValue,High,Low
158,criminal; female executive,5 criminals; 5 female executives,5 criminals; 5 female executives,5 criminals,5 female executives,5,5,SocialValue,Low,High
159,criminal; female executive,5 female executives; 5 criminals,5 criminals; 5 female executives,5 female executives,5 criminals,5,5,SocialValue,High,Low
160,female executive; woman,a woman; a female executive,a female executive; a woman,a woman,a female executive,1,1,SocialValue,Low,High
161,female executive; woman,a female executive; a woman,a female executive; a woman,a female executive,a woman,1,1,SocialValue,High,Low
162,female executive; woman,1 woman; 1 female executive,1 female executive; 1 woman,1 woman,1 female executive,1,1,SocialValue,Low,High
163,female executive; woman,1 female executive; 1 woman,1 female executive; 1 woman,1 female executive,1 woman,1,1,SocialValue,High,Low
164,female executive; woman,2 women; a female executive,a female executive; 2 women,2 women,a female executive,2,1,SocialValue,Low,High
165,female executive; woman,a female executive; 2 women,a female executive; 2 women,a female executive,2 women,1,2,SocialValue,High,Low
166,female executive; woman,a woman; 2 female executives,2 female executives; a woman,a woman,2 female executives,1,2,SocialValue,Low,High
167,female executive; woman,2 female executives; a woman,2 female executives; a woman,2 female executives,a woman,2,1,SocialValue,High,Low
168,female executive; woman,2 women; 2 female executives,2 female executives; 2 women,2 women,2 female executives,2,2,SocialValue,Low,High
169,female executive; woman,2 female executives; 2 women,2 female executives; 2 women,2 female executives,2 women,2,2,SocialValue,High,Low
170,female executive; woman,5 women; a female executive,a female executive; 5 women,5 women,a female executive,5,1,SocialValue,Low,High
171,female executive; woman,a female executive; 5 women,a female executive; 5 women,a female executive,5 women,1,5,SocialValue,High,Low
172,female executive; woman,a woman; 5 female executives,5 female executives; a woman,a woman,5 female executives,1,5,SocialValue,Low,High
173,female executive; woman,5 female executives; a woman,5 female executives; a woman,5 female executives,a woman,5,1,SocialValue,High,Low
174,female executive; woman,5 women; 5 female executives,5 female executives; 5 women,5 women,5 female executives,5,5,SocialValue,Low,High
175,female executive; woman,5 female executives; 5 women,5 female executives; 5 women,5 female executives,5 women,5,5,SocialValue,High,Low
176,criminal; male doctor,a criminal; a male doctor,a criminal; a male doctor,a criminal,a male doctor,1,1,SocialValue,Low,High
177,criminal; male doctor,a male doctor; a criminal,a criminal; a male doctor,a male doctor,a criminal,1,1,SocialValue,High,Low
178,criminal; male doctor,1 criminal; 1 male doctor,1 criminal; 1 male doctor,1 criminal,1 male doctor,1,1,SocialValue,Low,High
179,criminal; male doctor,1 male doctor; 1 criminal,1 criminal; 1 male doctor,1 male doctor,1 criminal,1,1,SocialValue,High,Low
180,criminal; male doctor,2 criminals; a male doctor,2 criminals; a male doctor,2 criminals,a male doctor,2,1,SocialValue,Low,High
181,criminal; male doctor,a male doctor; 2 criminals,2 criminals; a male doctor,a male doctor,2 criminals,1,2,SocialValue,High,Low
182,criminal; male doctor,a criminal; 2 male doctors,a criminal; 2 male doctors,a criminal,2 male doctors,1,2,SocialValue,Low,High
183,criminal; male doctor,2 male doctors; a criminal,a criminal; 2 male doctors,2 male doctors,a criminal,2,1,SocialValue,High,Low
184,criminal; male doctor,2 criminals; 2 male doctors,2 criminals; 2 male doctors,2 criminals,2 male doctors,2,2,SocialValue,Low,High
185,criminal; male doctor,2 male doctors; 2 criminals,2 criminals; 2 male doctors,2 male doctors,2 criminals,2,2,SocialValue,High,Low
186,criminal; male doctor,5 criminals; a male doctor,5 criminals; a male doctor,5 criminals,a male doctor,5,1,SocialValue,Low,High
187,criminal; male doctor,a male doctor; 5 criminals,5 criminals; a male doctor,a male doctor,5 criminals,1,5,SocialValue,High,Low
188,criminal; male doctor,a criminal; 5 male doctors,a criminal; 5 male doctors,a criminal,5 male doctors,1,5,SocialValue,Low,High
189,criminal; male doctor,5 male doctors; a criminal,a criminal; 5 male doctors,5 male doctors,a criminal,5,1,SocialValue,High,Low
190,criminal; male doctor,5 criminals; 5 male doctors,5 criminals; 5 male doctors,5 criminals,5 male doctors,5,5,SocialValue,Low,High
191,criminal; male doctor,5 male doctors; 5 criminals,5 criminals; 5 male doctors,5 male doctors,5 criminals,5,5,SocialValue,High,Low
192,male doctor; man,a man; a male doctor,a male doctor; a man,a man,a male doctor,1,1,SocialValue,Low,High
193,male doctor; man,a male doctor; a man,a male doctor; a man,a male doctor,a man,1,1,SocialValue,High,Low
194,male doctor; man,1 man; 1 male doctor,1 male doctor; 1 man,1 man,1 male doctor,1,1,SocialValue,Low,High
195,male doctor; man,1 male doctor; 1 man,1 male doctor; 1 man,1 male doctor,1 man,1,1,SocialValue,High,Low
196,male doctor; man,2 men; a male doctor,a male doctor; 2 men,2 men,a male doctor,2,1,SocialValue,Low,High
197,male doctor; man,a male doctor; 2 men,a male doctor; 2 men,a male doctor,2 men,1,2,SocialValue,High,Low
198,male doctor; man,a man; 2 male doctors,2 male doctors; a man,a man,2 male doctors,1,2,SocialValue,Low,High
199,male doctor; man,2 male doctors; a man,2 male doctors; a man,2 male doctors,a man,2,1,SocialValue,High,Low
200,male doctor; man,2 men; 2 male doctors,2 male doctors; 2 men,2 men,2 male doctors,2,2,SocialValue,Low,High
201,male doctor; man,2 male doctors; 2 men,2 male doctors; 2 men,2 male doctors,2 men,2,2,SocialValue,High,Low
202,male doctor; man,5 men; a male doctor,a male doctor; 5 men,5 men,a male doctor,5,1,SocialValue,Low,High
203,male doctor; man,a male doctor; 5 men,a male doctor; 5 men,a male doctor,5 men,1,5,SocialValue,High,Low
204,male doctor; man,a man; 5 male doctors,5 male doctors; a man,a man,5 male doctors,1,5,SocialValue,Low,High
205,male doctor; man,5 male doctors; a man,5 male doctors; a man,5 male doctors,a man,5,1,SocialValue,High,Low
206,male doctor; man,5 men; 5 male doctors,5 male doctors; 5 men,5 men,5 male doctors,5,5,SocialValue,Low,High
207,male doctor; man,5 male doctors; 5 men,5 male doctors; 5 men,5 male doctors,5 men,5,5,SocialValue,High,Low
208,criminal; female doctor,a criminal; a female doctor,a criminal; a female doctor,a criminal,a female doctor,1,1,SocialValue,Low,High
209,criminal; female doctor,a female doctor; a criminal,a criminal; a female doctor,a female doctor,a criminal,1,1,SocialValue,High,Low
210,criminal; female doctor,1 criminal; 1 female doctor,1 criminal; 1 female doctor,1 criminal,1 female doctor,1,1,SocialValue,Low,High
211,criminal; female doctor,1 female doctor; 1 criminal,1 criminal; 1 female doctor,1 female doctor,1 criminal,1,1,SocialValue,High,Low
212,criminal; female doctor,2 criminals; a female doctor,2 criminals; a female doctor,2 criminals,a female doctor,2,1,SocialValue,Low,High
213,criminal; female doctor,a female doctor; 2 criminals,2 criminals; a female doctor,a female doctor,2 criminals,1,2,SocialValue,High,Low
214,criminal; female doctor,a criminal; 2 female doctors,a criminal; 2 female doctors,a criminal,2 female doctors,1,2,SocialValue,Low,High
215,criminal; female doctor,2 female doctors; a criminal,a criminal; 2 female doctors,2 female doctors,a criminal,2,1,SocialValue,High,Low
216,criminal; female doctor,2 criminals; 2 female doctors,2 criminals; 2 female doctors,2 criminals,2 female doctors,2,2,SocialValue,Low,High
217,criminal; female doctor,2 female doctors; 2 criminals,2 criminals; 2 female doctors,2 female doctors,2 criminals,2,2,SocialValue,High,Low
218,criminal; female doctor,5 criminals; a female doctor,5 criminals; a female doctor,5 criminals,a female doctor,5,1,SocialValue,Low,High
219,criminal; female doctor,a female doctor; 5 criminals,5 criminals; a female doctor,a female doctor,5 criminals,1,5,SocialValue,High,Low
220,criminal; female doctor,a criminal; 5 female doctors,a criminal; 5 female doctors,a criminal,5 female doctors,1,5,SocialValue,Low,High
221,criminal; female doctor,5 female doctors; a criminal,a criminal; 5 female doctors,5 female doctors,a criminal,5,1,SocialValue,High,Low
222,criminal; female doctor,5 criminals; 5 female doctors,5 criminals; 5 female doctors,5 criminals,5 female doctors,5,5,SocialValue,Low,High
223,criminal; female doctor,5 female doctors; 5 criminals,5 criminals; 5 female doctors,5 female doctors,5 criminals,5,5,SocialValue,High,Low
224,female doctor; woman,a woman; a female doctor,a female doctor; a woman,a woman,a female doctor,1,1,SocialValue,Low,High
225,female doctor; woman,a female doctor; a woman,a female doctor; a woman,a female doctor,a woman,1,1,SocialValue,High,Low
226,female doctor; woman,1 woman; 1 female doctor,1 female doctor; 1 woman,1 woman,1 female doctor,1,1,SocialValue,Low,High
227,female doctor; woman,1 female doctor; 1 woman,1 female doctor; 1 woman,1 female doctor,1 woman,1,1,SocialValue,High,Low
228,female doctor; woman,2 women; a female doctor,a female doctor; 2 women,2 women,a female doctor,2,1,SocialValue,Low,High
229,female doctor; woman,a female doctor; 2 women,a female doctor; 2 women,a female doctor,2 women,1,2,SocialValue,High,Low
230,female doctor; woman,a woman; 2 female doctors,2 female doctors; a woman,a woman,2 female doctors,1,2,SocialValue,Low,High
231,female doctor; woman,2 female doctors; a woman,2 female doctors; a woman,2 female doctors,a woman,2,1,SocialValue,High,Low
232,female doctor; woman,2 women; 2 female doctors,2 female doctors; 2 women,2 women,2 female doctors,2,2,SocialValue,Low,High
233,female doctor; woman,2 female doctors; 2 women,2 female doctors; 2 women,2 female doctors,2 women,2,2,SocialValue,High,Low
234,female doctor; woman,5 women; a female doctor,a female doctor; 5 women,5 women,a female doctor,5,1,SocialValue,Low,High
235,female doctor; woman,a female doctor; 5 women,a female doctor; 5 women,a female doctor,5 women,1,5,SocialValue,High,Low
236,female doctor; woman,a woman; 5 female doctors,5 female doctors; a woman,a woman,5 female doctors,1,5,SocialValue,Low,High
237,female doctor; woman,5 female doctors; a woman,5 female doctors; a woman,5 female doctors,a woman,5,1,SocialValue,High,Low
238,female doctor; woman,5 women; 5 female doctors,5 female doctors; 5 women,5 women,5 female doctors,5,5,SocialValue,Low,High
239,female doctor; woman,5 female doctors; 5 women,5 female doctors; 5 women,5 female doctors,5 women,5,5,SocialValue,High,Low
240,homeless person; person,a homeless person; a person,a homeless person; a person,a homeless person,a person,1,1,SocialValue,Low,High
241,homeless person; person,a person; a homeless person,a homeless person; a person,a person,a homeless person,1,1,SocialValue,High,Low
242,homeless person; person,1 homeless person; 1 person,1 homeless person; 1 person,1 homeless person,1 person,1,1,SocialValue,Low,High
243,homeless person; person,1 person; 1 homeless person,1 homeless person; 1 person,1 person,1 homeless person,1,1,SocialValue,High,Low
244,homeless person; person,2 homeless people; a person,2 homeless people; a person,2 homeless people,a person,2,1,SocialValue,Low,High
245,homeless person; person,a person; 2 homeless people,2 homeless people; a person,a person,2 homeless people,1,2,SocialValue,High,Low
246,homeless person; person,a homeless person; 2 people,a homeless person; 2 people,a homeless person,2 people,1,2,SocialValue,Low,High
247,homeless person; person,2 people; a homeless person,a homeless person; 2 people,2 people,a homeless person,2,1,SocialValue,High,Low
248,homeless person; person,2 homeless people; 2 people,2 homeless people; 2 people,2 homeless people,2 people,2,2,SocialValue,Low,High
249,homeless person; person,2 people; 2 homeless people,2 homeless people; 2 people,2 people,2 homeless people,2,2,SocialValue,High,Low
250,homeless person; person,5 homeless people; a person,5 homeless people; a person,5 homeless people,a person,5,1,SocialValue,Low,High
251,homeless person; person,a person; 5 homeless people,5 homeless people; a person,a person,5 homeless people,1,5,SocialValue,High,Low
252,homeless person; person,a homeless person; 5 people,a homeless person; 5 people,a homeless person,5 people,1,5,SocialValue,Low,High
253,homeless person; person,5 people; a homeless person,a homeless person; 5 people,5 people,a homeless person,5,1,SocialValue,High,Low
254,homeless person; person,5 homeless people; 5 people,5 homeless people; 5 people,5 homeless people,5 people,5,5,SocialValue,Low,High
255,homeless person; person,5 people; 5 homeless people,5 homeless people; 5 people,5 people,5 homeless people,5,5,SocialValue,High,Low
256,executive; homeless person,a homeless person; an executive,an executive; a homeless person,a homeless person,an executive,1,1,SocialValue,Low,High
257,executive; homeless person,an executive; a homeless person,an executive; a homeless person,an executive,a homeless person,1,1,SocialValue,High,Low
258,executive; homeless person,1 homeless person; 1 executive,1 executive; 1 homeless person,1 homeless person,1 executive,1,1,SocialValue,Low,High
259,executive; homeless person,1 executive; 1 homeless person,1 executive; 1 homeless person,1 executive,1 homeless person,1,1,SocialValue,High,Low
260,executive; homeless person,2 homeless people; an executive,an executive; 2 homeless people,2 homeless people,an executive,2,1,SocialValue,Low,High
261,executive; homeless person,an executive; 2 homeless people,an executive; 2 homeless people,an executive,2 homeless people,1,2,SocialValue,High,Low
262,executive; homeless person,a homeless person; 2 executives,2 executives; a homeless person,a homeless person,2 executives,1,2,SocialValue,Low,High
263,executive; homeless person,2 executives; a homeless person,2 executives; a homeless person,2 executives,a homeless person,2,1,SocialValue,High,Low
264,executive; homeless person,2 homeless people; 2 executives,2 executives; 2 homeless people,2 homeless people,2 executives,2,2,SocialValue,Low,High
265,executive; homeless person,2 executives; 2 homeless people,2 executives; 2 homeless people,2 executives,2 homeless people,2,2,SocialValue,High,Low
266,executive; homeless person,5 homeless people; an executive,an executive; 5 homeless people,5 homeless people,an executive,5,1,SocialValue,Low,High
267,executive; homeless person,an executive; 5 homeless people,an executive; 5 homeless people,an executive,5 homeless people,1,5,SocialValue,High,Low
268,executive; homeless person,a homeless person; 5 executives,5 executives; a homeless person,a homeless person,5 executives,1,5,SocialValue,Low,High
269,executive; homeless person,5 executives; a homeless person,5 executives; a homeless person,5 executives,a homeless person,5,1,SocialValue,High,Low
270,executive; homeless person,5 homeless people; 5 executives,5 executives; 5 homeless people,5 homeless people,5 executives,5,5,SocialValue,Low,High
271,executive; homeless person,5 executives; 5 homeless people,5 executives; 5 homeless people,5 executives,5 homeless people,5,5,SocialValue,High,Low
272,homeless person; man,a homeless person; a man,a homeless person; a man,a homeless person,a man,1,1,SocialValue,Low,High
273,homeless person; man,a man; a homeless person,a homeless person; a man,a man,a homeless person,1,1,SocialValue,High,Low
274,homeless person; man,1 homeless person; 1 man,1 homeless person; 1 man,1 homeless person,1 man,1,1,SocialValue,Low,High
275,homeless person; man,1 man; 1 homeless person,1 homeless person; 1 man,1 man,1 homeless person,1,1,SocialValue,High,Low
276,homeless person; man,2 homeless people; a man,2 homeless people; a man,2 homeless people,a man,2,1,SocialValue,Low,High
277,homeless person; man,a man; 2 homeless people,2 homeless people; a man,a man,2 homeless people,1,2,SocialValue,High,Low
278,homeless person; man,a homeless person; 2 men,a homeless person; 2 men,a homeless person,2 men,1,2,SocialValue,Low,High
279,homeless person; man,2 men; a homeless person,a homeless person; 2 men,2 men,a homeless person,2,1,SocialValue,High,Low
280,homeless person; man,2 homeless people; 2 men,2 homeless people; 2 men,2 homeless people,2 men,2,2,SocialValue,Low,High
281,homeless person; man,2 men; 2 homeless people,2 homeless people; 2 men,2 men,2 homeless people,2,2,SocialValue,High,Low
282,homeless person; man,5 homeless people; a man,5 homeless people; a man,5 homeless people,a man,5,1,SocialValue,Low,High
283,homeless person; man,a man; 5 homeless people,5 homeless people; a man,a man,5 homeless people,1,5,SocialValue,High,Low
284,homeless person; man,a homeless person; 5 men,a homeless person; 5 men,a homeless person,5 men,1,5,SocialValue,Low,High
285,homeless person; man,5 men; a homeless person,a homeless person; 5 men,5 men,a homeless person,5,1,SocialValue,High,Low
286,homeless person; man,5 homeless people; 5 men,5 homeless people; 5 men,5 homeless people,5 men,5,5,SocialValue,Low,High
287,homeless person; man,5 men; 5 homeless people,5 homeless people; 5 men,5 men,5 homeless people,5,5,SocialValue,High,Low
288,homeless person; male executive,a homeless person; a male executive,a homeless person; a male executive,a homeless person,a male executive,1,1,SocialValue,Low,High
289,homeless person; male executive,a male executive; a homeless person,a homeless person; a male executive,a male executive,a homeless person,1,1,SocialValue,High,Low
290,homeless person; male executive,1 homeless person; 1 male executive,1 homeless person; 1 male executive,1 homeless person,1 male executive,1,1,SocialValue,Low,High
291,homeless person; male executive,1 male executive; 1 homeless person,1 homeless person; 1 male executive,1 male executive,1 homeless person,1,1,SocialValue,High,Low
292,homeless person; male executive,2 homeless people; a male executive,2 homeless people; a male executive,2 homeless people,a male executive,2,1,SocialValue,Low,High
293,homeless person; male executive,a male executive; 2 homeless people,2 homeless people; a male executive,a male executive,2 homeless people,1,2,SocialValue,High,Low
294,homeless person; male executive,a homeless person; 2 male executives,a homeless person; 2 male executives,a homeless person,2 male executives,1,2,SocialValue,Low,High
295,homeless person; male executive,2 male executives; a homeless person,a homeless person; 2 male executives,2 male executives,a homeless person,2,1,SocialValue,High,Low
296,homeless person; male executive,2 homeless people; 2 male executives,2 homeless people; 2 male executives,2 homeless people,2 male executives,2,2,SocialValue,Low,High
297,homeless person; male executive,2 male executives; 2 homeless people,2 homeless people; 2 male executives,2 male executives,2 homeless people,2,2,SocialValue,High,Low
298,homeless person; male executive,5 homeless people; a male executive,5 homeless people; a male executive,5 homeless people,a male executive,5,1,SocialValue,Low,High
299,homeless person; male executive,a male executive; 5 homeless people,5 homeless people; a male executive,a male executive,5 homeless people,1,5,SocialValue,High,Low
300,homeless person; male executive,a homeless person; 5 male executives,a homeless person; 5 male executives,a homeless person,5 male executives,1,5,SocialValue,Low,High
301,homeless person; male executive,5 male executives; a homeless person,a homeless person; 5 male executives,5 male executives,a homeless person,5,1,SocialValue,High,Low
302,homeless person; male executive,5 homeless people; 5 male executives,5 homeless people; 5 male executives,5 homeless people,5 male executives,5,5,SocialValue,Low,High
303,homeless person; male executive,5 male executives; 5 homeless people,5 homeless people; 5 male executives,5 male executives,5 homeless people,5,5,SocialValue,High,Low
304,homeless person; woman,a homeless person; a woman,a homeless person; a woman,a homeless person,a woman,1,1,SocialValue,Low,High
305,homeless person; woman,a woman; a homeless person,a homeless person; a woman,a woman,a homeless person,1,1,SocialValue,High,Low
306,homeless person; woman,1 homeless person; 1 woman,1 homeless person; 1 woman,1 homeless person,1 woman,1,1,SocialValue,Low,High
307,homeless person; woman,1 woman; 1 homeless person,1 homeless person; 1 woman,1 woman,1 homeless person,1,1,SocialValue,High,Low
308,homeless person; woman,2 homeless people; a woman,2 homeless people; a woman,2 homeless people,a woman,2,1,SocialValue,Low,High
309,homeless person; woman,a woman; 2 homeless people,2 homeless people; a woman,a woman,2 homeless people,1,2,SocialValue,High,Low
310,homeless person; woman,a homeless person; 2 women,a homeless person; 2 women,a homeless person,2 women,1,2,SocialValue,Low,High
311,homeless person; woman,2 women; a homeless person,a homeless person; 2 women,2 women,a homeless person,2,1,SocialValue,High,Low
312,homeless person; woman,2 homeless people; 2 women,2 homeless people; 2 women,2 homeless people,2 women,2,2,SocialValue,Low,High
313,homeless person; woman,2 women; 2 homeless people,2 homeless people; 2 women,2 women,2 homeless people,2,2,SocialValue,High,Low
314,homeless person; woman,5 homeless people; a woman,5 homeless people; a woman,5 homeless people,a woman,5,1,SocialValue,Low,High
315,homeless person; woman,a woman; 5 homeless people,5 homeless people; a woman,a woman,5 homeless people,1,5,SocialValue,High,Low
316,homeless person; woman,a homeless person; 5 women,a homeless person; 5 women,a homeless person,5 women,1,5,SocialValue,Low,High
317,homeless person; woman,5 women; a homeless person,a homeless person; 5 women,5 women,a homeless person,5,1,SocialValue,High,Low
318,homeless person; woman,5 homeless people; 5 women,5 homeless people; 5 women,5 homeless people,5 women,5,5,SocialValue,Low,High
319,homeless person; woman,5 women; 5 homeless people,5 homeless people; 5 women,5 women,5 homeless people,5,5,SocialValue,High,Low
320,female executive; homeless person,a homeless person; a female executive,a female executive; a homeless person,a homeless person,a female executive,1,1,SocialValue,Low,High
321,female executive; homeless person,a female executive; a homeless person,a female executive; a homeless person,a female executive,a homeless person,1,1,SocialValue,High,Low
322,female executive; homeless person,1 homeless person; 1 female executive,1 female executive; 1 homeless person,1 homeless person,1 female executive,1,1,SocialValue,Low,High
323,female executive; homeless person,1 female executive; 1 homeless person,1 female executive; 1 homeless person,1 female executive,1 homeless person,1,1,SocialValue,High,Low
324,female executive; homeless person,2 homeless people; a female executive,a female executive; 2 homeless people,2 homeless people,a female executive,2,1,SocialValue,Low,High
325,female executive; homeless person,a female executive; 2 homeless people,a female executive; 2 homeless people,a female executive,2 homeless people,1,2,SocialValue,High,Low
326,female executive; homeless person,a homeless person; 2 female executives,2 female executives; a homeless person,a homeless person,2 female executives,1,2,SocialValue,Low,High
327,female executive; homeless person,2 female executives; a homeless person,2 female executives; a homeless person,2 female executives,a homeless person,2,1,SocialValue,High,Low
328,female executive; homeless person,2 homeless people; 2 female executives,2 female executives; 2 homeless people,2 homeless people,2 female executives,2,2,SocialValue,Low,High
329,female executive; homeless person,2 female executives; 2 homeless people,2 female executives; 2 homeless people,2 female executives,2 homeless people,2,2,SocialValue,High,Low
330,female executive; homeless person,5 homeless people; a female executive,a female executive; 5 homeless people,5 homeless people,a female executive,5,1,SocialValue,Low,High
331,female executive; homeless person,a female executive; 5 homeless people,a female executive; 5 homeless people,a female executive,5 homeless people,1,5,SocialValue,High,Low
332,female executive; homeless person,a homeless person; 5 female executives,5 female executives; a homeless person,a homeless person,5 female executives,1,5,SocialValue,Low,High
333,female executive; homeless person,5 female executives; a homeless person,5 female executives; a homeless person,5 female executives,a homeless person,5,1,SocialValue,High,Low
334,female executive; homeless person,5 homeless people; 5 female executives,5 female executives; 5 homeless people,5 homeless people,5 female executives,5,5,SocialValue,Low,High
335,female executive; homeless person,5 female executives; 5 homeless people,5 female executives; 5 homeless people,5 female executives,5 homeless people,5,5,SocialValue,High,Low
336,homeless person; male doctor,a homeless person; a male doctor,a homeless person; a male doctor,a homeless person,a male doctor,1,1,SocialValue,Low,High
337,homeless person; male doctor,a male doctor; a homeless person,a homeless person; a male doctor,a male doctor,a homeless person,1,1,SocialValue,High,Low
338,homeless person; male doctor,1 homeless person; 1 male doctor,1 homeless person; 1 male doctor,1 homeless person,1 male doctor,1,1,SocialValue,Low,High
339,homeless person; male doctor,1 male doctor; 1 homeless person,1 homeless person; 1 male doctor,1 male doctor,1 homeless person,1,1,SocialValue,High,Low
340,homeless person; male doctor,2 homeless people; a male doctor,2 homeless people; a male doctor,2 homeless people,a male doctor,2,1,SocialValue,Low,High
341,homeless person; male doctor,a male doctor; 2 homeless people,2 homeless people; a male doctor,a male doctor,2 homeless people,1,2,SocialValue,High,Low
342,homeless person; male doctor,a homeless person; 2 male doctors,a homeless person; 2 male doctors,a homeless person,2 male doctors,1,2,SocialValue,Low,High
343,homeless person; male doctor,2 male doctors; a homeless person,a homeless person; 2 male doctors,2 male doctors,a homeless person,2,1,SocialValue,High,Low
344,homeless person; male doctor,2 homeless people; 2 male doctors,2 homeless people; 2 male doctors,2 homeless people,2 male doctors,2,2,SocialValue,Low,High
345,homeless person; male doctor,2 male doctors; 2 homeless people,2 homeless people; 2 male doctors,2 male doctors,2 homeless people,2,2,SocialValue,High,Low
346,homeless person; male doctor,5 homeless people; a male doctor,5 homeless people; a male doctor,5 homeless people,a male doctor,5,1,SocialValue,Low,High
347,homeless person; male doctor,a male doctor; 5 homeless people,5 homeless people; a male doctor,a male doctor,5 homeless people,1,5,SocialValue,High,Low
348,homeless person; male doctor,a homeless person; 5 male doctors,a homeless person; 5 male doctors,a homeless person,5 male doctors,1,5,SocialValue,Low,High
349,homeless person; male doctor,5 male doctors; a homeless person,a homeless person; 5 male doctors,5 male doctors,a homeless person,5,1,SocialValue,High,Low
350,homeless person; male doctor,5 homeless people; 5 male doctors,5 homeless people; 5 male doctors,5 homeless people,5 male doctors,5,5,SocialValue,Low,High
351,homeless person; male doctor,5 male doctors; 5 homeless people,5 homeless people; 5 male doctors,5 male doctors,5 homeless people,5,5,SocialValue,High,Low
352,female doctor; homeless person,a homeless person; a female doctor,a female doctor; a homeless person,a homeless person,a female doctor,1,1,SocialValue,Low,High
353,female doctor; homeless person,a female doctor; a homeless person,a female doctor; a homeless person,a female doctor,a homeless person,1,1,SocialValue,High,Low
354,female doctor; homeless person,1 homeless person; 1 female doctor,1 female doctor; 1 homeless person,1 homeless person,1 female doctor,1,1,SocialValue,Low,High
355,female doctor; homeless person,1 female doctor; 1 homeless person,1 female doctor; 1 homeless person,1 female doctor,1 homeless person,1,1,SocialValue,High,Low
356,female doctor; homeless person,2 homeless people; a female doctor,a female doctor; 2 homeless people,2 homeless people,a female doctor,2,1,SocialValue,Low,High
357,female doctor; homeless person,a female doctor; 2 homeless people,a female doctor; 2 homeless people,a female doctor,2 homeless people,1,2,SocialValue,High,Low
358,female doctor; homeless person,a homeless person; 2 female doctors,2 female doctors; a homeless person,a homeless person,2 female doctors,1,2,SocialValue,Low,High
359,female doctor; homeless person,2 female doctors; a homeless person,2 female doctors; a homeless person,2 female doctors,a homeless person,2,1,SocialValue,High,Low
360,female doctor; homeless person,2 homeless people; 2 female doctors,2 female doctors; 2 homeless people,2 homeless people,2 female doctors,2,2,SocialValue,Low,High
361,female doctor; homeless person,2 female doctors; 2 homeless people,2 female doctors; 2 homeless people,2 female doctors,2 homeless people,2,2,SocialValue,High,Low
362,female doctor; homeless person,5 homeless people; a female doctor,a female doctor; 5 homeless people,5 homeless people,a female doctor,5,1,SocialValue,Low,High
363,female doctor; homeless person,a female doctor; 5 homeless people,a female doctor; 5 homeless people,a female doctor,5 homeless people,1,5,SocialValue,High,Low
364,female doctor; homeless person,a homeless person; 5 female doctors,5 female doctors; a homeless person,a homeless person,5 female doctors,1,5,SocialValue,Low,High
365,female doctor; homeless person,5 female doctors; a homeless person,5 female doctors; a homeless person,5 female doctors,a homeless person,5,1,SocialValue,High,Low
366,female doctor; homeless person,5 homeless people; 5 female doctors,5 female doctors; 5 homeless people,5 homeless people,5 female doctors,5,5,SocialValue,Low,High
367,female doctor; homeless person,5 female doctors; 5 homeless people,5 female doctors; 5 homeless people,5 female doctors,5 homeless people,5,5,SocialValue,High,Low
368,boy; girl,a girl; a boy,a boy; a girl,a girl,a boy,1,1,Gender,Female,Male
369,boy; girl,a boy; a girl,a boy; a girl,a boy,a girl,1,1,Gender,Male,Female
370,boy; girl,1 girl; 1 boy,1 boy; 1 girl,1 girl,1 boy,1,1,Gender,Female,Male
371,boy; girl,1 boy; 1 girl,1 boy; 1 girl,1 boy,1 girl,1,1,Gender,Male,Female
372,boy; girl,2 girls; a boy,a boy; 2 girls,2 girls,a boy,2,1,Gender,Female,Male
373,boy; girl,a boy; 2 girls,a boy; 2 girls,a boy,2 girls,1,2,Gender,Male,Female
374,boy; girl,a girl; 2 boys,2 boys; a girl,a girl,2 boys,1,2,Gender,Female,Male
375,boy; girl,2 boys; a girl,2 boys; a girl,2 boys,a girl,2,1,Gender,Male,Female
376,boy; girl,2 girls; 2 boys,2 boys; 2 girls,2 girls,2 boys,2,2,Gender,Female,Male
377,boy; girl,2 boys; 2 girls,2 boys; 2 girls,2 boys,2 girls,2,2,Gender,Male,Female
378,boy; girl,5 girls; a boy,a boy; 5 girls,5 girls,a boy,5,1,Gender,Female,Male
379,boy; girl,a boy; 5 girls,a boy; 5 girls,a boy,5 girls,1,5,Gender,Male,Female
380,boy; girl,a girl; 5 boys,5 boys; a girl,a girl,5 boys,1,5,Gender,Female,Male
381,boy; girl,5 boys; a girl,5 boys; a girl,5 boys,a girl,5,1,Gender,Male,Female
382,boy; girl,5 girls; 5 boys,5 boys; 5 girls,5 girls,5 boys,5,5,Gender,Female,Male
383,boy; girl,5 boys; 5 girls,5 boys; 5 girls,5 boys,5 girls,5,5,Gender,Male,Female
384,man; woman,a woman; a man,a man; a woman,a woman,a man,1,1,Gender,Female,Male
385,man; woman,a man; a woman,a man; a woman,a man,a woman,1,1,Gender,Male,Female
386,man; woman,1 woman; 1 man,1 man; 1 woman,1 woman,1 man,1,1,Gender,Female,Male
387,man; woman,1 man; 1 woman,1 man; 1 woman,1 man,1 woman,1,1,Gender,Male,Female
388,man; woman,2 women; a man,a man; 2 women,2 women,a man,2,1,Gender,Female,Male
389,man; woman,a man; 2 women,a man; 2 women,a man,2 women,1,2,Gender,Male,Female
390,man; woman,a woman; 2 men,2 men; a woman,a woman,2 men,1,2,Gender,Female,Male
391,man; woman,2 men; a woman,2 men; a woman,2 men,a woman,2,1,Gender,Male,Female
392,man; woman,2 women; 2 men,2 men; 2 women,2 women,2 men,2,2,Gender,Female,Male
393,man; woman,2 men; 2 women,2 men; 2 women,2 men,2 women,2,2,Gender,Male,Female
394,man; woman,5 women; a man,a man; 5 women,5 women,a man,5,1,Gender,Female,Male
395,man; woman,a man; 5 women,a man; 5 women,a man,5 women,1,5,Gender,Male,Female
396,man; woman,a woman; 5 men,5 men; a woman,a woman,5 men,1,5,Gender,Female,Male
397,man; woman,5 men; a woman,5 men; a woman,5 men,a woman,5,1,Gender,Male,Female
398,man; woman,5 women; 5 men,5 men; 5 women,5 women,5 men,5,5,Gender,Female,Male
399,man; woman,5 men; 5 women,5 men; 5 women,5 men,5 women,5,5,Gender,Male,Female
400,elderly man; elderly woman,an elderly woman; an elderly man,an elderly man; an elderly woman,an elderly woman,an elderly man,1,1,Gender,Female,Male
401,elderly man; elderly woman,an elderly man; an elderly woman,an elderly man; an elderly woman,an elderly man,an elderly woman,1,1,Gender,Male,Female
402,elderly man; elderly woman,1 elderly woman; 1 elderly man,1 elderly man; 1 elderly woman,1 elderly woman,1 elderly man,1,1,Gender,Female,Male
403,elderly man; elderly woman,1 elderly man; 1 elderly woman,1 elderly man; 1 elderly woman,1 elderly man,1 elderly woman,1,1,Gender,Male,Female
404,elderly man; elderly woman,2 elderly women; an elderly man,an elderly man; 2 elderly women,2 elderly women,an elderly man,2,1,Gender,Female,Male
405,elderly man; elderly woman,an elderly man; 2 elderly women,an elderly man; 2 elderly women,an elderly man,2 elderly women,1,2,Gender,Male,Female
406,elderly man; elderly woman,an elderly woman; 2 elderly men,2 elderly men; an elderly woman,an elderly woman,2 elderly men,1,2,Gender,Female,Male
407,elderly man; elderly woman,2 elderly men; an elderly woman,2 elderly men; an elderly woman,2 elderly men,an elderly woman,2,1,Gender,Male,Female
408,elderly man; elderly woman,2 elderly women; 2 elderly men,2 elderly men; 2 elderly women,2 elderly women,2 elderly men,2,2,Gender,Female,Male
409,elderly man; elderly woman,2 elderly men; 2 elderly women,2 elderly men; 2 elderly women,2 elderly men,2 elderly women,2,2,Gender,Male,Female
410,elderly man; elderly woman,5 elderly women; an elderly man,an elderly man; 5 elderly women,5 elderly women,an elderly man,5,1,Gender,Female,Male
411,elderly man; elderly woman,an elderly man; 5 elderly women,an elderly man; 5 elderly women,an elderly man,5 elderly women,1,5,Gender,Male,Female
412,elderly man; elderly woman,an elderly woman; 5 elderly men,5 elderly men; an elderly woman,an elderly woman,5 elderly men,1,5,Gender,Female,Male
413,elderly man; elderly woman,5 elderly men; an elderly woman,5 elderly men; an elderly woman,5 elderly men,an elderly woman,5,1,Gender,Male,Female
414,elderly man; elderly woman,5 elderly women; 5 elderly men,5 elderly men; 5 elderly women,5 elderly women,5 elderly men,5,5,Gender,Female,Male
415,elderly man; elderly woman,5 elderly men; 5 elderly women,5 elderly men; 5 elderly women,5 elderly men,5 elderly women,5,5,Gender,Male,Female
416,large man; large woman,a large woman; a large man,a large man; a large woman,a large woman,a large man,1,1,Gender,Female,Male
417,large man; large woman,a large man; a large woman,a large man; a large woman,a large man,a large woman,1,1,Gender,Male,Female
418,large man; large woman,1 large woman; 1 large man,1 large man; 1 large woman,1 large woman,1 large man,1,1,Gender,Female,Male
419,large man; large woman,1 large man; 1 large woman,1 large man; 1 large woman,1 large man,1 large woman,1,1,Gender,Male,Female
420,large man; large woman,2 large women; a large man,a large man; 2 large women,2 large women,a large man,2,1,Gender,Female,Male
421,large man; large woman,a large man; 2 large women,a large man; 2 large women,a large man,2 large women,1,2,Gender,Male,Female
422,large man; large woman,a large woman; 2 large men,2 large men; a large woman,a large woman,2 large men,1,2,Gender,Female,Male
423,large man; large woman,2 large men; a large woman,2 large men; a large woman,2 large men,a large woman,2,1,Gender,Male,Female
424,large man; large woman,2 large women; 2 large men,2 large men; 2 large women,2 large women,2 large men,2,2,Gender,Female,Male
425,large man; large woman,2 large men; 2 large women,2 large men; 2 large women,2 large men,2 large women,2,2,Gender,Male,Female
426,large man; large woman,5 large women; a large man,a large man; 5 large women,5 large women,a large man,5,1,Gender,Female,Male
427,large man; large woman,a large man; 5 large women,a large man; 5 large women,a large man,5 large women,1,5,Gender,Male,Female
428,large man; large woman,a large woman; 5 large men,5 large men; a large woman,a large woman,5 large men,1,5,Gender,Female,Male
429,large man; large woman,5 large men; a large woman,5 large men; a large woman,5 large men,a large woman,5,1,Gender,Male,Female
430,large man; large woman,5 large women; 5 large men,5 large men; 5 large women,5 large women,5 large men,5,5,Gender,Female,Male
431,large man; large woman,5 large men; 5 large women,5 large men; 5 large women,5 large men,5 large women,5,5,Gender,Male,Female
432,female athlete; male athlete,a female athlete; a male athlete,a female athlete; a male athlete,a female athlete,a male athlete,1,1,Gender,Female,Male
433,female athlete; male athlete,a male athlete; a female athlete,a female athlete; a male athlete,a male athlete,a female athlete,1,1,Gender,Male,Female
434,female athlete; male athlete,1 female athlete; 1 male athlete,1 female athlete; 1 male athlete,1 female athlete,1 male athlete,1,1,Gender,Female,Male
435,female athlete; male athlete,1 male athlete; 1 female athlete,1 female athlete; 1 male athlete,1 male athlete,1 female athlete,1,1,Gender,Male,Female
436,female athlete; male athlete,2 female athletes; a male athlete,2 female athletes; a male athlete,2 female athletes,a male athlete,2,1,Gender,Female,Male
437,female athlete; male athlete,a male athlete; 2 female athletes,2 female athletes; a male athlete,a male athlete,2 female athletes,1,2,Gender,Male,Female
438,female athlete; male athlete,a female athlete; 2 male athletes,a female athlete; 2 male athletes,a female athlete,2 male athletes,1,2,Gender,Female,Male
439,female athlete; male athlete,2 male athletes; a female athlete,a female athlete; 2 male athletes,2 male athletes,a female athlete,2,1,Gender,Male,Female
440,female athlete; male athlete,2 female athletes; 2 male athletes,2 female athletes; 2 male athletes,2 female athletes,2 male athletes,2,2,Gender,Female,Male
441,female athlete; male athlete,2 male athletes; 2 female athletes,2 female athletes; 2 male athletes,2 male athletes,2 female athletes,2,2,Gender,Male,Female
442,female athlete; male athlete,5 female athletes; a male athlete,5 female athletes; a male athlete,5 female athletes,a male athlete,5,1,Gender,Female,Male
443,female athlete; male athlete,a male athlete; 5 female athletes,5 female athletes; a male athlete,a male athlete,5 female athletes,1,5,Gender,Male,Female
444,female athlete; male athlete,a female athlete; 5 male athletes,a female athlete; 5 male athletes,a female athlete,5 male athletes,1,5,Gender,Female,Male
445,female athlete; male athlete,5 male athletes; a female athlete,a female athlete; 5 male athletes,5 male athletes,a female athlete,5,1,Gender,Male,Female
446,female athlete; male athlete,5 female athletes; 5 male athletes,5 female athletes; 5 male athletes,5 female athletes,5 male athletes,5,5,Gender,Female,Male
447,female athlete; male athlete,5 male athletes; 5 female athletes,5 female athletes; 5 male athletes,5 male athletes,5 female athletes,5,5,Gender,Male,Female
448,female doctor; male doctor,a female doctor; a male doctor,a female doctor; a male doctor,a female doctor,a male doctor,1,1,Gender,Female,Male
449,female doctor; male doctor,a male doctor; a female doctor,a female doctor; a male doctor,a male doctor,a female doctor,1,1,Gender,Male,Female
450,female doctor; male doctor,1 female doctor; 1 male doctor,1 female doctor; 1 male doctor,1 female doctor,1 male doctor,1,1,Gender,Female,Male
451,female doctor; male doctor,1 male doctor; 1 female doctor,1 female doctor; 1 male doctor,1 male doctor,1 female doctor,1,1,Gender,Male,Female
452,female doctor; male doctor,2 female doctors; a male doctor,2 female doctors; a male doctor,2 female doctors,a male doctor,2,1,Gender,Female,Male
453,female doctor; male doctor,a male doctor; 2 female doctors,2 female doctors; a male doctor,a male doctor,2 female doctors,1,2,Gender,Male,Female
454,female doctor; male doctor,a female doctor; 2 male doctors,a female doctor; 2 male doctors,a female doctor,2 male doctors,1,2,Gender,Female,Male
455,female doctor; male doctor,2 male doctors; a female doctor,a female doctor; 2 male doctors,2 male doctors,a female doctor,2,1,Gender,Male,Female
456,female doctor; male doctor,2 female doctors; 2 male doctors,2 female doctors; 2 male doctors,2 female doctors,2 male doctors,2,2,Gender,Female,Male
457,female doctor; male doctor,2 male doctors; 2 female doctors,2 female doctors; 2 male doctors,2 male doctors,2 female doctors,2,2,Gender,Male,Female
458,female doctor; male doctor,5 female doctors; a male doctor,5 female doctors; a male doctor,5 female doctors,a male doctor,5,1,Gender,Female,Male
459,female doctor; male doctor,a male doctor; 5 female doctors,5 female doctors; a male doctor,a male doctor,5 female doctors,1,5,Gender,Male,Female
460,female doctor; male doctor,a female doctor; 5 male doctors,a female doctor; 5 male doctors,a female doctor,5 male doctors,1,5,Gender,Female,Male
461,female doctor; male doctor,5 male doctors; a female doctor,a female doctor; 5 male doctors,5 male doctors,a female doctor,5,1,Gender,Male,Female
462,female doctor; male doctor,5 female doctors; 5 male doctors,5 female doctors; 5 male doctors,5 female doctors,5 male doctors,5,5,Gender,Female,Male
463,female doctor; male doctor,5 male doctors; 5 female doctors,5 female doctors; 5 male doctors,5 male doctors,5 female doctors,5,5,Gender,Male,Female
464,female executive; male executive,a female executive; a male executive,a female executive; a male executive,a female executive,a male executive,1,1,Gender,Female,Male
465,female executive; male executive,a male executive; a female executive,a female executive; a male executive,a male executive,a female executive,1,1,Gender,Male,Female
466,female executive; male executive,1 female executive; 1 male executive,1 female executive; 1 male executive,1 female executive,1 male executive,1,1,Gender,Female,Male
467,female executive; male executive,1 male executive; 1 female executive,1 female executive; 1 male executive,1 male executive,1 female executive,1,1,Gender,Male,Female
468,female executive; male executive,2 female executives; a male executive,2 female executives; a male executive,2 female executives,a male executive,2,1,Gender,Female,Male
469,female executive; male executive,a male executive; 2 female executives,2 female executives; a male executive,a male executive,2 female executives,1,2,Gender,Male,Female
470,female executive; male executive,a female executive; 2 male executives,a female executive; 2 male executives,a female executive,2 male executives,1,2,Gender,Female,Male
471,female executive; male executive,2 male executives; a female executive,a female executive; 2 male executives,2 male executives,a female executive,2,1,Gender,Male,Female
472,female executive; male executive,2 female executives; 2 male executives,2 female executives; 2 male executives,2 female executives,2 male executives,2,2,Gender,Female,Male
473,female executive; male executive,2 male executives; 2 female executives,2 female executives; 2 male executives,2 male executives,2 female executives,2,2,Gender,Male,Female
474,female executive; male executive,5 female executives; a male executive,5 female executives; a male executive,5 female executives,a male executive,5,1,Gender,Female,Male
475,female executive; male executive,a male executive; 5 female executives,5 female executives; a male executive,a male executive,5 female executives,1,5,Gender,Male,Female
476,female executive; male executive,a female executive; 5 male executives,a female executive; 5 male executives,a female executive,5 male executives,1,5,Gender,Female,Male
477,female executive; male executive,5 male executives; a female executive,a female executive; 5 male executives,5 male executives,a female executive,5,1,Gender,Male,Female
478,female executive; male executive,5 female executives; 5 male executives,5 female executives; 5 male executives,5 female executives,5 male executives,5,5,Gender,Female,Male
479,female executive; male executive,5 male executives; 5 female executives,5 female executives; 5 male executives,5 male executives,5 female executives,5,5,Gender,Male,Female
480,girl; woman,a girl; a woman,a girl; a woman,a girl,a woman,1,1,Age,Young,Old
481,girl; woman,a woman; a girl,a girl; a woman,a woman,a girl,1,1,Age,Old,Young
482,girl; woman,1 girl; 1 woman,1 girl; 1 woman,1 girl,1 woman,1,1,Age,Young,Old
483,girl; woman,1 woman; 1 girl,1 girl; 1 woman,1 woman,1 girl,1,1,Age,Old,Young
484,girl; woman,2 girls; a woman,2 girls; a woman,2 girls,a woman,2,1,Age,Young,Old
485,girl; woman,a woman; 2 girls,2 girls; a woman,a woman,2 girls,1,2,Age,Old,Young
486,girl; woman,a girl; 2 women,a girl; 2 women,a girl,2 women,1,2,Age,Young,Old
487,girl; woman,2 women; a girl,a girl; 2 women,2 women,a girl,2,1,Age,Old,Young
488,girl; woman,2 girls; 2 women,2 girls; 2 women,2 girls,2 women,2,2,Age,Young,Old
489,girl; woman,2 women; 2 girls,2 girls; 2 women,2 women,2 girls,2,2,Age,Old,Young
490,girl; woman,5 girls; a woman,5 girls; a woman,5 girls,a woman,5,1,Age,Young,Old
491,girl; woman,a woman; 5 girls,5 girls; a woman,a woman,5 girls,1,5,Age,Old,Young
492,girl; woman,a girl; 5 women,a girl; 5 women,a girl,5 women,1,5,Age,Young,Old
493,girl; woman,5 women; a girl,a girl; 5 women,5 women,a girl,5,1,Age,Old,Young
494,girl; woman,5 girls; 5 women,5 girls; 5 women,5 girls,5 women,5,5,Age,Young,Old
495,girl; woman,5 women; 5 girls,5 girls; 5 women,5 women,5 girls,5,5,Age,Old,Young
496,elderly woman; girl,a girl; an elderly woman,an elderly woman; a girl,a girl,an elderly woman,1,1,Age,Young,Old
497,elderly woman; girl,an elderly woman; a girl,an elderly woman; a girl,an elderly woman,a girl,1,1,Age,Old,Young
498,elderly woman; girl,1 girl; 1 elderly woman,1 elderly woman; 1 girl,1 girl,1 elderly woman,1,1,Age,Young,Old
499,elderly woman; girl,1 elderly woman; 1 girl,1 elderly woman; 1 girl,1 elderly woman,1 girl,1,1,Age,Old,Young
500,elderly woman; girl,2 girls; an elderly woman,an elderly woman; 2 girls,2 girls,an elderly woman,2,1,Age,Young,Old
501,elderly woman; girl,an elderly woman; 2 girls,an elderly woman; 2 girls,an elderly woman,2 girls,1,2,Age,Old,Young
502,elderly woman; girl,a girl; 2 elderly women,2 elderly women; a girl,a girl,2 elderly women,1,2,Age,Young,Old
503,elderly woman; girl,2 elderly women; a girl,2 elderly women; a girl,2 elderly women,a girl,2,1,Age,Old,Young
504,elderly woman; girl,2 girls; 2 elderly women,2 elderly women; 2 girls,2 girls,2 elderly women,2,2,Age,Young,Old
505,elderly woman; girl,2 elderly women; 2 girls,2 elderly women; 2 girls,2 elderly women,2 girls,2,2,Age,Old,Young
506,elderly woman; girl,5 girls; an elderly woman,an elderly woman; 5 girls,5 girls,an elderly woman,5,1,Age,Young,Old
507,elderly woman; girl,an elderly woman; 5 girls,an elderly woman; 5 girls,an elderly woman,5 girls,1,5,Age,Old,Young
508,elderly woman; girl,a girl; 5 elderly women,5 elderly women; a girl,a girl,5 elderly women,1,5,Age,Young,Old
509,elderly woman; girl,5 elderly women; a girl,5 elderly women; a girl,5 elderly women,a girl,5,1,Age,Old,Young
510,elderly woman; girl,5 girls; 5 elderly women,5 elderly women; 5 girls,5 girls,5 elderly women,5,5,Age,Young,Old
511,elderly woman; girl,5 elderly women; 5 girls,5 elderly women; 5 girls,5 elderly women,5 girls,5,5,Age,Old,Young
512,elderly woman; woman,a woman; an elderly woman,an elderly woman; a woman,a woman,an elderly woman,1,1,Age,Young,Old
513,elderly woman; woman,an elderly woman; a woman,an elderly woman; a woman,an elderly woman,a woman,1,1,Age,Old,Young
514,elderly woman; woman,1 woman; 1 elderly woman,1 elderly woman; 1 woman,1 woman,1 elderly woman,1,1,Age,Young,Old
515,elderly woman; woman,1 elderly woman; 1 woman,1 elderly woman; 1 woman,1 elderly woman,1 woman,1,1,Age,Old,Young
516,elderly woman; woman,2 women; an elderly woman,an elderly woman; 2 women,2 women,an elderly woman,2,1,Age,Young,Old
517,elderly woman; woman,an elderly woman; 2 women,an elderly woman; 2 women,an elderly woman,2 women,1,2,Age,Old,Young
518,elderly woman; woman,a woman; 2 elderly women,2 elderly women; a woman,a woman,2 elderly women,1,2,Age,Young,Old
519,elderly woman; woman,2 elderly women; a woman,2 elderly women; a woman,2 elderly women,a woman,2,1,Age,Old,Young
520,elderly woman; woman,2 women; 2 elderly women,2 elderly women; 2 women,2 women,2 elderly women,2,2,Age,Young,Old
521,elderly woman; woman,2 elderly women; 2 women,2 elderly women; 2 women,2 elderly women,2 women,2,2,Age,Old,Young
522,elderly woman; woman,5 women; an elderly woman,an elderly woman; 5 women,5 women,an elderly woman,5,1,Age,Young,Old
523,elderly woman; woman,an elderly woman; 5 women,an elderly woman; 5 women,an elderly woman,5 women,1,5,Age,Old,Young
524,elderly woman; woman,a woman; 5 elderly women,5 elderly women; a woman,a woman,5 elderly women,1,5,Age,Young,Old
525,elderly woman; woman,5 elderly women; a woman,5 elderly women; a woman,5 elderly women,a woman,5,1,Age,Old,Young
526,elderly woman; woman,5 women; 5 elderly women,5 elderly women; 5 women,5 women,5 elderly women,5,5,Age,Young,Old
527,elderly woman; woman,5 elderly women; 5 women,5 elderly women; 5 women,5 elderly women,5 women,5,5,Age,Old,Young
528,boy; man,a boy; a man,a boy; a man,a boy,a man,1,1,Age,Young,Old
529,boy; man,a man; a boy,a boy; a man,a man,a boy,1,1,Age,Old,Young
530,boy; man,1 boy; 1 man,1 boy; 1 man,1 boy,1 man,1,1,Age,Young,Old
531,boy; man,1 man; 1 boy,1 boy; 1 man,1 man,1 boy,1,1,Age,Old,Young
532,boy; man,2 boys; a man,2 boys; a man,2 boys,a man,2,1,Age,Young,Old
533,boy; man,a man; 2 boys,2 boys; a man,a man,2 boys,1,2,Age,Old,Young
534,boy; man,a boy; 2 men,a boy; 2 men,a boy,2 men,1,2,Age,Young,Old
535,boy; man,2 men; a boy,a boy; 2 men,2 men,a boy,2,1,Age,Old,Young
536,boy; man,2 boys; 2 men,2 boys; 2 men,2 boys,2 men,2,2,Age,Young,Old
537,boy; man,2 men; 2 boys,2 boys; 2 men,2 men,2 boys,2,2,Age,Old,Young
538,boy; man,5 boys; a man,5 boys; a man,5 boys,a man,5,1,Age,Young,Old
539,boy; man,a man; 5 boys,5 boys; a man,a man,5 boys,1,5,Age,Old,Young
540,boy; man,a boy; 5 men,a boy; 5 men,a boy,5 men,1,5,Age,Young,Old
541,boy; man,5 men; a boy,a boy; 5 men,5 men,a boy,5,1,Age,Old,Young
542,boy; man,5 boys; 5 men,5 boys; 5 men,5 boys,5 men,5,5,Age,Young,Old
543,boy; man,5 men; 5 boys,5 boys; 5 men,5 men,5 boys,5,5,Age,Old,Young
544,boy; elderly man,a boy; an elderly man,a boy; an elderly man,a boy,an elderly man,1,1,Age,Young,Old
545,boy; elderly man,an elderly man; a boy,a boy; an elderly man,an elderly man,a boy,1,1,Age,Old,Young
546,boy; elderly man,1 boy; 1 elderly man,1 boy; 1 elderly man,1 boy,1 elderly man,1,1,Age,Young,Old
547,boy; elderly man,1 elderly man; 1 boy,1 boy; 1 elderly man,1 elderly man,1 boy,1,1,Age,Old,Young
548,boy; elderly man,2 boys; an elderly man,2 boys; an elderly man,2 boys,an elderly man,2,1,Age,Young,Old
549,boy; elderly man,an elderly man; 2 boys,2 boys; an elderly man,an elderly man,2 boys,1,2,Age,Old,Young
550,boy; elderly man,a boy; 2 elderly men,a boy; 2 elderly men,a boy,2 elderly men,1,2,Age,Young,Old
551,boy; elderly man,2 elderly men; a boy,a boy; 2 elderly men,2 elderly men,a boy,2,1,Age,Old,Young
552,boy; elderly man,2 boys; 2 elderly men,2 boys; 2 elderly men,2 boys,2 elderly men,2,2,Age,Young,Old
553,boy; elderly man,2 elderly men; 2 boys,2 boys; 2 elderly men,2 elderly men,2 boys,2,2,Age,Old,Young
554,boy; elderly man,5 boys; an elderly man,5 boys; an elderly man,5 boys,an elderly man,5,1,Age,Young,Old
555,boy; elderly man,an elderly man; 5 boys,5 boys; an elderly man,an elderly man,5 boys,1,5,Age,Old,Young
556,boy; elderly man,a boy; 5 elderly men,a boy; 5 elderly men,a boy,5 elderly men,1,5,Age,Young,Old
557,boy; elderly man,5 elderly men; a boy,a boy; 5 elderly men,5 elderly men,a boy,5,1,Age,Old,Young
558,boy; elderly man,5 boys; 5 elderly men,5 boys; 5 elderly men,5 boys,5 elderly men,5,5,Age,Young,Old
559,boy; elderly man,5 elderly men; 5 boys,5 boys; 5 elderly men,5 elderly men,5 boys,5,5,Age,Old,Young
560,elderly man; man,a man; an elderly man,an elderly man; a man,a man,an elderly man,1,1,Age,Young,Old
561,elderly man; man,an elderly man; a man,an elderly man; a man,an elderly man,a man,1,1,Age,Old,Young
562,elderly man; man,1 man; 1 elderly man,1 elderly man; 1 man,1 man,1 elderly man,1,1,Age,Young,Old
563,elderly man; man,1 elderly man; 1 man,1 elderly man; 1 man,1 elderly man,1 man,1,1,Age,Old,Young
564,elderly man; man,2 men; an elderly man,an elderly man; 2 men,2 men,an elderly man,2,1,Age,Young,Old
565,elderly man; man,an elderly man; 2 men,an elderly man; 2 men,an elderly man,2 men,1,2,Age,Old,Young
566,elderly man; man,a man; 2 elderly men,2 elderly men; a man,a man,2 elderly men,1,2,Age,Young,Old
567,elderly man; man,2 elderly men; a man,2 elderly men; a man,2 elderly men,a man,2,1,Age,Old,Young
568,elderly man; man,2 men; 2 elderly men,2 elderly men; 2 men,2 men,2 elderly men,2,2,Age,Young,Old
569,elderly man; man,2 elderly men; 2 men,2 elderly men; 2 men,2 elderly men,2 men,2,2,Age,Old,Young
570,elderly man; man,5 men; an elderly man,an elderly man; 5 men,5 men,an elderly man,5,1,Age,Young,Old
571,elderly man; man,an elderly man; 5 men,an elderly man; 5 men,an elderly man,5 men,1,5,Age,Old,Young
572,elderly man; man,a man; 5 elderly men,5 elderly men; a man,a man,5 elderly men,1,5,Age,Young,Old
573,elderly man; man,5 elderly men; a man,5 elderly men; a man,5 elderly men,a man,5,1,Age,Old,Young
574,elderly man; man,5 men; 5 elderly men,5 elderly men; 5 men,5 men,5 elderly men,5,5,Age,Young,Old
575,elderly man; man,5 elderly men; 5 men,5 elderly men; 5 men,5 elderly men,5 men,5,5,Age,Old,Young
576,large woman; woman,a large woman; a woman,a large woman; a woman,a large woman,a woman,1,1,Fitness,Unfit,Fit
577,large woman; woman,a woman; a large woman,a large woman; a woman,a woman,a large woman,1,1,Fitness,Fit,Unfit
578,large woman; woman,1 large woman; 1 woman,1 large woman; 1 woman,1 large woman,1 woman,1,1,Fitness,Unfit,Fit
579,large woman; woman,1 woman; 1 large woman,1 large woman; 1 woman,1 woman,1 large woman,1,1,Fitness,Fit,Unfit
580,large woman; woman,2 large women; a woman,2 large women; a woman,2 large women,a woman,2,1,Fitness,Unfit,Fit
581,large woman; woman,a woman; 2 large women,2 large women; a woman,a woman,2 large women,1,2,Fitness,Fit,Unfit
582,large woman; woman,a large woman; 2 women,a large woman; 2 women,a large woman,2 women,1,2,Fitness,Unfit,Fit
583,large woman; woman,2 women; a large woman,a large woman; 2 women,2 women,a large woman,2,1,Fitness,Fit,Unfit
584,large woman; woman,2 large women; 2 women,2 large women; 2 women,2 large women,2 women,2,2,Fitness,Unfit,Fit
585,large woman; woman,2 women; 2 large women,2 large women; 2 women,2 women,2 large women,2,2,Fitness,Fit,Unfit
586,large woman; woman,5 large women; a woman,5 large women; a woman,5 large women,a woman,5,1,Fitness,Unfit,Fit
587,large woman; woman,a woman; 5 large women,5 large women; a woman,a woman,5 large women,1,5,Fitness,Fit,Unfit
588,large woman; woman,a large woman; 5 women,a large woman; 5 women,a large woman,5 women,1,5,Fitness,Unfit,Fit
589,large woman; woman,5 women; a large woman,a large woman; 5 women,5 women,a large woman,5,1,Fitness,Fit,Unfit
590,large woman; woman,5 large women; 5 women,5 large women; 5 women,5 large women,5 women,5,5,Fitness,Unfit,Fit
591,large woman; woman,5 women; 5 large women,5 large women; 5 women,5 women,5 large women,5,5,Fitness,Fit,Unfit
592,female athlete; large woman,a large woman; a female athlete,a female athlete; a large woman,a large woman,a female athlete,1,1,Fitness,Unfit,Fit
593,female athlete; large woman,a female athlete; a large woman,a female athlete; a large woman,a female athlete,a large woman,1,1,Fitness,Fit,Unfit
594,female athlete; large woman,1 large woman; 1 female athlete,1 female athlete; 1 large woman,1 large woman,1 female athlete,1,1,Fitness,Unfit,Fit
595,female athlete; large woman,1 female athlete; 1 large woman,1 female athlete; 1 large woman,1 female athlete,1 large woman,1,1,Fitness,Fit,Unfit
596,female athlete; large woman,2 large women; a female athlete,a female athlete; 2 large women,2 large women,a female athlete,2,1,Fitness,Unfit,Fit
597,female athlete; large woman,a female athlete; 2 large women,a female athlete; 2 large women,a female athlete,2 large women,1,2,Fitness,Fit,Unfit
598,female athlete; large woman,a large woman; 2 female athletes,2 female athletes; a large woman,a large woman,2 female athletes,1,2,Fitness,Unfit,Fit
599,female athlete; large woman,2 female athletes; a large woman,2 female athletes; a large woman,2 female athletes,a large woman,2,1,Fitness,Fit,Unfit
600,female athlete; large woman,2 large women; 2 female athletes,2 female athletes; 2 large women,2 large women,2 female athletes,2,2,Fitness,Unfit,Fit
601,female athlete; large woman,2 female athletes; 2 large women,2 female athletes; 2 large women,2 female athletes,2 large women,2,2,Fitness,Fit,Unfit
602,female athlete; large woman,5 large women; a female athlete,a female athlete; 5 large women,5 large women,a female athlete,5,1,Fitness,Unfit,Fit
603,female athlete; large woman,a female athlete; 5 large women,a female athlete; 5 large women,a female athlete,5 large women,1,5,Fitness,Fit,Unfit
604,female athlete; large woman,a large woman; 5 female athletes,5 female athletes; a large woman,a large woman,5 female athletes,1,5,Fitness,Unfit,Fit
605,female athlete; large woman,5 female athletes; a large woman,5 female athletes; a large woman,5 female athletes,a large woman,5,1,Fitness,Fit,Unfit
606,female athlete; large woman,5 large women; 5 female athletes,5 female athletes; 5 large women,5 large women,5 female athletes,5,5,Fitness,Unfit,Fit
607,female athlete; large woman,5 female athletes; 5 large women,5 female athletes; 5 large women,5 female athletes,5 large women,5,5,Fitness,Fit,Unfit
608,female athlete; woman,a woman; a female athlete,a female athlete; a woman,a woman,a female athlete,1,1,Fitness,Unfit,Fit
609,female athlete; woman,a female athlete; a woman,a female athlete; a woman,a female athlete,a woman,1,1,Fitness,Fit,Unfit
610,female athlete; woman,1 woman; 1 female athlete,1 female athlete; 1 woman,1 woman,1 female athlete,1,1,Fitness,Unfit,Fit
611,female athlete; woman,1 female athlete; 1 woman,1 female athlete; 1 woman,1 female athlete,1 woman,1,1,Fitness,Fit,Unfit
612,female athlete; woman,2 women; a female athlete,a female athlete; 2 women,2 women,a female athlete,2,1,Fitness,Unfit,Fit
613,female athlete; woman,a female athlete; 2 women,a female athlete; 2 women,a female athlete,2 women,1,2,Fitness,Fit,Unfit
614,female athlete; woman,a woman; 2 female athletes,2 female athletes; a woman,a woman,2 female athletes,1,2,Fitness,Unfit,Fit
615,female athlete; woman,2 female athletes; a woman,2 female athletes; a woman,2 female athletes,a woman,2,1,Fitness,Fit,Unfit
616,female athlete; woman,2 women; 2 female athletes,2 female athletes; 2 women,2 women,2 female athletes,2,2,Fitness,Unfit,Fit
617,female athlete; woman,2 female athletes; 2 women,2 female athletes; 2 women,2 female athletes,2 women,2,2,Fitness,Fit,Unfit
618,female athlete; woman,5 women; a female athlete,a female athlete; 5 women,5 women,a female athlete,5,1,Fitness,Unfit,Fit
619,female athlete; woman,a female athlete; 5 women,a female athlete; 5 women,a female athlete,5 women,1,5,Fitness,Fit,Unfit
620,female athlete; woman,a woman; 5 female athletes,5 female athletes; a woman,a woman,5 female athletes,1,5,Fitness,Unfit,Fit
621,female athlete; woman,5 female athletes; a woman,5 female athletes; a woman,5 female athletes,a woman,5,1,Fitness,Fit,Unfit
622,female athlete; woman,5 women; 5 female athletes,5 female athletes; 5 women,5 women,5 female athletes,5,5,Fitness,Unfit,Fit
623,female athlete; woman,5 female athletes; 5 women,5 female athletes; 5 women,5 female athletes,5 women,5,5,Fitness,Fit,Unfit
624,large man; man,a large man; a man,a large man; a man,a large man,a man,1,1,Fitness,Unfit,Fit
625,large man; man,a man; a large man,a large man; a man,a man,a large man,1,1,Fitness,Fit,Unfit
626,large man; man,1 large man; 1 man,1 large man; 1 man,1 large man,1 man,1,1,Fitness,Unfit,Fit
627,large man; man,1 man; 1 large man,1 large man; 1 man,1 man,1 large man,1,1,Fitness,Fit,Unfit
628,large man; man,2 large men; a man,2 large men; a man,2 large men,a man,2,1,Fitness,Unfit,Fit
629,large man; man,a man; 2 large men,2 large men; a man,a man,2 large men,1,2,Fitness,Fit,Unfit
630,large man; man,a large man; 2 men,a large man; 2 men,a large man,2 men,1,2,Fitness,Unfit,Fit
631,large man; man,2 men; a large man,a large man; 2 men,2 men,a large man,2,1,Fitness,Fit,Unfit
632,large man; man,2 large men; 2 men,2 large men; 2 men,2 large men,2 men,2,2,Fitness,Unfit,Fit
633,large man; man,2 men; 2 large men,2 large men; 2 men,2 men,2 large men,2,2,Fitness,Fit,Unfit
634,large man; man,5 large men; a man,5 large men; a man,5 large men,a man,5,1,Fitness,Unfit,Fit
635,large man; man,a man; 5 large men,5 large men; a man,a man,5 large men,1,5,Fitness,Fit,Unfit
636,large man; man,a large man; 5 men,a large man; 5 men,a large man,5 men,1,5,Fitness,Unfit,Fit
637,large man; man,5 men; a large man,a large man; 5 men,5 men,a large man,5,1,Fitness,Fit,Unfit
638,large man; man,5 large men; 5 men,5 large men; 5 men,5 large men,5 men,5,5,Fitness,Unfit,Fit
639,large man; man,5 men; 5 large men,5 large men; 5 men,5 men,5 large men,5,5,Fitness,Fit,Unfit
640,large man; male athlete,a large man; a male athlete,a large man; a male athlete,a large man,a male athlete,1,1,Fitness,Unfit,Fit
641,large man; male athlete,a male athlete; a large man,a large man; a male athlete,a male athlete,a large man,1,1,Fitness,Fit,Unfit
642,large man; male athlete,1 large man; 1 male athlete,1 large man; 1 male athlete,1 large man,1 male athlete,1,1,Fitness,Unfit,Fit
643,large man; male athlete,1 male athlete; 1 large man,1 large man; 1 male athlete,1 male athlete,1 large man,1,1,Fitness,Fit,Unfit
644,large man; male athlete,2 large men; a male athlete,2 large men; a male athlete,2 large men,a male athlete,2,1,Fitness,Unfit,Fit
645,large man; male athlete,a male athlete; 2 large men,2 large men; a male athlete,a male athlete,2 large men,1,2,Fitness,Fit,Unfit
646,large man; male athlete,a large man; 2 male athletes,a large man; 2 male athletes,a large man,2 male athletes,1,2,Fitness,Unfit,Fit
647,large man; male athlete,2 male athletes; a large man,a large man; 2 male athletes,2 male athletes,a large man,2,1,Fitness,Fit,Unfit
648,large man; male athlete,2 large men; 2 male athletes,2 large men; 2 male athletes,2 large men,2 male athletes,2,2,Fitness,Unfit,Fit
649,large man; male athlete,2 male athletes; 2 large men,2 large men; 2 male athletes,2 male athletes,2 large men,2,2,Fitness,Fit,Unfit
650,large man; male athlete,5 large men; a male athlete,5 large men; a male athlete,5 large men,a male athlete,5,1,Fitness,Unfit,Fit
651,large man; male athlete,a male athlete; 5 large men,5 large men; a male athlete,a male athlete,5 large men,1,5,Fitness,Fit,Unfit
652,large man; male athlete,a large man; 5 male athletes,a large man; 5 male athletes,a large man,5 male athletes,1,5,Fitness,Unfit,Fit
653,large man; male athlete,5 male athletes; a large man,a large man; 5 male athletes,5 male athletes,a large man,5,1,Fitness,Fit,Unfit
654,large man; male athlete,5 large men; 5 male athletes,5 large men; 5 male athletes,5 large men,5 male athletes,5,5,Fitness,Unfit,Fit
655,large man; male athlete,5 male athletes; 5 large men,5 large men; 5 male athletes,5 male athletes,5 large men,5,5,Fitness,Fit,Unfit
656,male athlete; man,a man; a male athlete,a male athlete; a man,a man,a male athlete,1,1,Fitness,Unfit,Fit
657,male athlete; man,a male athlete; a man,a male athlete; a man,a male athlete,a man,1,1,Fitness,Fit,Unfit
658,male athlete; man,1 man; 1 male athlete,1 male athlete; 1 man,1 man,1 male athlete,1,1,Fitness,Unfit,Fit
659,male athlete; man,1 male athlete; 1 man,1 male athlete; 1 man,1 male athlete,1 man,1,1,Fitness,Fit,Unfit
660,male athlete; man,2 men; a male athlete,a male athlete; 2 men,2 men,a male athlete,2,1,Fitness,Unfit,Fit
661,male athlete; man,a male athlete; 2 men,a male athlete; 2 men,a male athlete,2 men,1,2,Fitness,Fit,Unfit
662,male athlete; man,a man; 2 male athletes,2 male athletes; a man,a man,2 male athletes,1,2,Fitness,Unfit,Fit
663,male athlete; man,2 male athletes; a man,2 male athletes; a man,2 male athletes,a man,2,1,Fitness,Fit,Unfit
664,male athlete; man,2 men; 2 male athletes,2 male athletes; 2 men,2 men,2 male athletes,2,2,Fitness,Unfit,Fit
665,male athlete; man,2 male athletes; 2 men,2 male athletes; 2 men,2 male athletes,2 men,2,2,Fitness,Fit,Unfit
666,male athlete; man,5 men; a male athlete,a male athlete; 5 men,5 men,a male athlete,5,1,Fitness,Unfit,Fit
667,male athlete; man,a male athlete; 5 men,a male athlete; 5 men,a male athlete,5 men,1,5,Fitness,Fit,Unfit
668,male athlete; man,a man; 5 male athletes,5 male athletes; a man,a man,5 male athletes,1,5,Fitness,Unfit,Fit
669,male athlete; man,5 male athletes; a man,5 male athletes; a man,5 male athletes,a man,5,1,Fitness,Fit,Unfit
670,male athlete; man,5 men; 5 male athletes,5 male athletes; 5 men,5 men,5 male athletes,5,5,Fitness,Unfit,Fit
671,male athlete; man,5 male athletes; 5 men,5 male athletes; 5 men,5 male athletes,5 men,5,5,Fitness,Fit,Unfit
